"Status","Start Time","Stop Time","Duration in ms","Parent Suite","Suite","Sub Suite","Test Class","Test Method","Name","Description"
"passed","Wed Apr 24 22:38:50 GMT 2024","Wed Apr 24 22:38:54 GMT 2024","4061","","","","","","CreateProjectWithIncorrectCode",""
"passed","Wed Apr 24 22:39:13 GMT 2024","Wed Apr 24 22:39:19 GMT 2024","6599","","","","","","DeleteTestCaseEntity",""
"passed","Wed Apr 24 22:38:37 GMT 2024","Wed Apr 24 22:38:38 GMT 2024","239","","","","","","Not found",""
"passed","Wed Apr 24 22:38:33 GMT 2024","Wed Apr 24 22:38:33 GMT 2024","265","","","","","","Get a project",""
"passed","Wed Apr 24 22:38:41 GMT 2024","Wed Apr 24 22:38:41 GMT 2024","715","","","","","","Post project",""
"passed","Wed Apr 24 22:39:22 GMT 2024","Wed Apr 24 22:39:29 GMT 2024","6719","","","","","","PopUpMessage",""
"passed","Wed Apr 24 22:39:31 GMT 2024","Wed Apr 24 22:39:37 GMT 2024","6207","","","","","","UploadFile",""
"passed","Wed Apr 24 22:38:34 GMT 2024","Wed Apr 24 22:38:35 GMT 2024","251","","","","","","Get Unauthorized error",""
"passed","Wed Apr 24 22:38:44 GMT 2024","Wed Apr 24 22:38:49 GMT 2024","5114","","","","","","CreateProject",""
"passed","Wed Apr 24 22:39:03 GMT 2024","Wed Apr 24 22:39:10 GMT 2024","7196","","","","","","CreateTestCaseEntity",""
"passed","Wed Apr 24 22:38:31 GMT 2024","Wed Apr 24 22:38:31 GMT 2024","308","","","","","","Get all testcases",""
"passed","Wed Apr 24 22:38:39 GMT 2024","Wed Apr 24 22:38:39 GMT 2024","280","","","","","","Not found project",""
"passed","Wed Apr 24 22:39:43 GMT 2024","Wed Apr 24 22:39:45 GMT 2024","1449","","","","","","Unsuccesful login",""
"passed","Wed Apr 24 22:39:39 GMT 2024","Wed Apr 24 22:39:42 GMT 2024","2904","","","","","","Successful login",""
"passed","Wed Apr 24 22:38:57 GMT 2024","Wed Apr 24 22:39:00 GMT 2024","3543","","","","","","AssertFile",""
"passed","Wed Apr 24 22:38:36 GMT 2024","Wed Apr 24 22:38:36 GMT 2024","279","","","","","","Invalid data",""
